<?xml version="1.0" encoding="UTF-8"?><rss version="2.0"
	xmlns:content="http://purl.org/rss/1.0/modules/content/"
	xmlns:wfw="http://wellformedweb.org/CommentAPI/"
	xmlns:dc="http://purl.org/dc/elements/1.1/"
	xmlns:atom="http://www.w3.org/2005/Atom"
	xmlns:sy="http://purl.org/rss/1.0/modules/syndication/"
	xmlns:slash="http://purl.org/rss/1.0/modules/slash/"
	>

<channel>
	<title>Consulting &#8211; Airi</title>
	<atom:link href="/category/consulting/feed/" rel="self" type="application/rss+xml" />
	<link></link>
	<description>Global Busniess Website</description>
	<lastBuildDate>Fri, 03 May 2024 22:30:09 +0000</lastBuildDate>
	<language>en-US</language>
	<sy:updatePeriod>
	hourly	</sy:updatePeriod>
	<sy:updateFrequency>
	1	</sy:updateFrequency>
	<generator>https://wordpress.org/?v=6.5.2</generator>

<image>
	<url>/wp-content/uploads/2024/05/png-transparent-digital-marketing-jain-university-business-process-management-sales-business-administration-project-management-time-management-thumbnail.png</url>
	<title>Consulting &#8211; Airi</title>
	<link></link>
	<width>32</width>
	<height>32</height>
</image> 
	<item>
		<title>The 15 Most profitable small-Business Industries</title>
		<link>/the-15-most-profitable-small-business-industries/</link>
					<comments>/the-15-most-profitable-small-business-industries/#respond</comments>
		
		<dc:creator><![CDATA[mushiurany]]></dc:creator>
		<pubDate>Fri, 03 May 2024 22:17:52 +0000</pubDate>
				<category><![CDATA[Consulting]]></category>
		<guid isPermaLink="false">/?p=554</guid>

					<description><![CDATA[Sed ut perspiciatis unde omnis iste natus error sit voluptatem accusantium doloremque laudantium, totam rem aperiam, eaque ipsa quae ab [&#8230;]]]></description>
										<content:encoded><![CDATA[
<p>Sed ut perspiciatis unde omnis iste natus error sit voluptatem accusantium doloremque laudantium, totam rem aperiam, eaque ipsa quae ab illo inventore veritatis et quasi architecto beatae vitae dicta sunt explicabo. Nemo enim ipsam voluptatem quia voluptas sit aspernatur aut odit aut fugit, sed quia consequuntur magni dolores eos qui ratione voluptatem sequi nesciunt. Neque porro quisquam est, qui dolorem ipsum quia dolor sit amet, consectetur, adipisci velit, sed quia non numquam eius modi tempora incidunt ut labore et dolore magnam aliquam quaerat voluptatem. Ut enim ad minima veniam, quis nostrum exercitationem ullam corporis suscipit laboriosam, nisi ut aliquid ex ea commodi consequatur? Quis autem vel eum iure reprehenderit qui in ea voluptate velit esse quam nihil molestiae consequatur, vel illum qui dolorem eum fugiat quo voluptas nulla pariatur</p>
]]></content:encoded>
					
					<wfw:commentRss>/the-15-most-profitable-small-business-industries/feed/</wfw:commentRss>
			<slash:comments>0</slash:comments>
		
		
			</item>
		<item>
		<title>Business plans: A step-by-step Guide</title>
		<link>/business-plans-a-step-by-step-guide/</link>
					<comments>/business-plans-a-step-by-step-guide/#respond</comments>
		
		<dc:creator><![CDATA[mushiurany]]></dc:creator>
		<pubDate>Fri, 03 May 2024 22:15:37 +0000</pubDate>
				<category><![CDATA[Consulting]]></category>
		<category><![CDATA[Uncategorized]]></category>
		<guid isPermaLink="false">/?p=551</guid>

					<description><![CDATA[&#8220;But I must explain to you how all this mistaken idea of denouncing pleasure and praising pain was born and [&#8230;]]]></description>
										<content:encoded><![CDATA[
<p>&#8220;But I must explain to you how all this mistaken idea of denouncing pleasure and praising pain was born and I will give you a complete account of the system, and expound the actual teachings of the great explorer of the truth, the master-builder of human happiness. No one rejects, dislikes, or avoids pleasure itself, because it is pleasure, but because those who do not know how to pursue pleasure rationally encounter consequences that are extremely painful. Nor again is there anyone who loves or pursues or desires to obtain pain of itself, because it is pain.&#8221;But I must explain to you how all this mistaken idea of denouncing pleasure and praising pain was born and I will give you a complete account of the system, and expound the actual teachings of the great explorer of the truth, the master-builder of human happiness. No one rejects, dislikes, or avoids pleasure itself, because it is pleasure, but because those who do not know how to pursue pleasure rationally encounter consequences that are extremely painful. Nor again is there anyone who loves or pursues or desires to obtain pain of itself, because it is pain.</p>
]]></content:encoded>
					
					<wfw:commentRss>/business-plans-a-step-by-step-guide/feed/</wfw:commentRss>
			<slash:comments>0</slash:comments>
		
		
			</item>
	</channel>
</rss>

<!--
Performance optimized by W3 Total Cache. Learn more: https://www.boldgrid.com/w3-total-cache/


Served from: localhost @ 2024-05-07 08:17:53 by W3 Total Cache
-->