<?xml version="1.0" encoding="UTF-8"?><rss version="2.0"
	xmlns:content="http://purl.org/rss/1.0/modules/content/"
	xmlns:dc="http://purl.org/dc/elements/1.1/"
	xmlns:atom="http://www.w3.org/2005/Atom"
	xmlns:sy="http://purl.org/rss/1.0/modules/syndication/"
	
	>
<channel>
	<title>
	Comments on: The 15 Most profitable small-Business Industries	</title>
	<atom:link href="/the-15-most-profitable-small-business-industries/feed/" rel="self" type="application/rss+xml" />
	<link>/the-15-most-profitable-small-business-industries/</link>
	<description>Global Busniess Website</description>
	<lastBuildDate>Fri, 03 May 2024 22:29:48 +0000</lastBuildDate>
	<sy:updatePeriod>
	hourly	</sy:updatePeriod>
	<sy:updateFrequency>
	1	</sy:updateFrequency>
	<generator>https://wordpress.org/?v=6.5.2</generator>
</channel>
</rss>

<!--
Performance optimized by W3 Total Cache. Learn more: https://www.boldgrid.com/w3-total-cache/


Served from: localhost @ 2024-05-07 08:17:53 by W3 Total Cache
-->