<?xml version="1.0" encoding="UTF-8"?><rss version="2.0"
	xmlns:content="http://purl.org/rss/1.0/modules/content/"
	xmlns:wfw="http://wellformedweb.org/CommentAPI/"
	xmlns:dc="http://purl.org/dc/elements/1.1/"
	xmlns:atom="http://www.w3.org/2005/Atom"
	xmlns:sy="http://purl.org/rss/1.0/modules/syndication/"
	xmlns:slash="http://purl.org/rss/1.0/modules/slash/"
	>

<channel>
	<title>Busniess &#8211; Airi</title>
	<atom:link href="/category/busniess/feed/" rel="self" type="application/rss+xml" />
	<link></link>
	<description>Global Busniess Website</description>
	<lastBuildDate>Fri, 03 May 2024 22:09:21 +0000</lastBuildDate>
	<language>en-US</language>
	<sy:updatePeriod>
	hourly	</sy:updatePeriod>
	<sy:updateFrequency>
	1	</sy:updateFrequency>
	<generator>https://wordpress.org/?v=6.5.2</generator>

<image>
	<url>/wp-content/uploads/2024/05/png-transparent-digital-marketing-jain-university-business-process-management-sales-business-administration-project-management-time-management-thumbnail.png</url>
	<title>Busniess &#8211; Airi</title>
	<link></link>
	<width>32</width>
	<height>32</height>
</image> 
	<item>
		<title>63 Business to start for under $10,00</title>
		<link>/63-business-to-start-for-under-1000/</link>
					<comments>/63-business-to-start-for-under-1000/#respond</comments>
		
		<dc:creator><![CDATA[mushiurany]]></dc:creator>
		<pubDate>Fri, 03 May 2024 22:08:48 +0000</pubDate>
				<category><![CDATA[Busniess]]></category>
		<guid isPermaLink="false">/?p=548</guid>

					<description><![CDATA[Lorem ipsum dolor sit amet, consectetur adipiscing elit, sed do eiusmod tempor incididunt ut labore et dolore magna aliqua. Ut [&#8230;]]]></description>
										<content:encoded><![CDATA[
<p>Lorem ipsum dolor sit amet, consectetur adipiscing elit, sed do eiusmod tempor incididunt ut labore et dolore magna aliqua. Ut enim ad minim veniam, quis nostrud exercitation ullamco laboris nisi ut aliquip ex ea commodo consequat. Duis aute irure dolor in reprehenderit in voluptate velit esse cillum dolore eu fugiat nulla pariatur. Excepteur sint occaecat cupidatat non proident, sunt in culpa qui officia deserunt mollit anim id est laborum</p>



<p></p>



<p></p>



<p></p>
]]></content:encoded>
					
					<wfw:commentRss>/63-business-to-start-for-under-1000/feed/</wfw:commentRss>
			<slash:comments>0</slash:comments>
		
		
			</item>
	</channel>
</rss>

<!--
Performance optimized by W3 Total Cache. Learn more: https://www.boldgrid.com/w3-total-cache/


Served from: localhost @ 2024-05-07 08:17:55 by W3 Total Cache
-->